FeatureCode,FeatureName,FeatureType,DateCode,Measurement,Value (GBP),Scottish Welfare Fund Application Type
S12000039,West Dunbartonshire,Council Area,2014/2015,Count,854245,All
S12000039,West Dunbartonshire,Council Area,2013/2014,Count,792077,All
S12000039,West Dunbartonshire,Council Area,2015/2016,Count,791248,All
S12000039,West Dunbartonshire,Council Area,2018/2019,Count,548081,Community Care Grant
S12000039,West Dunbartonshire,Council Area,2019/2020,Count,829104,All
S12000039,West Dunbartonshire,Council Area,2019/2020,Count,535342,Community Care Grant
S12000039,West Dunbartonshire,Council Area,2022/2023,Count,361465,Crisis Grant
S12000039,West Dunbartonshire,Council Area,2018/2019,Count,265932,Crisis Grant
S12000039,West Dunbartonshire,Council Area,2016/2017,Count,635508,Community Care Grant
S12000039,West Dunbartonshire,Council Area,2017/2018,Count,837432,All
S12000039,West Dunbartonshire,Council Area,2016/2017,Count,262774,Crisis Grant
S12000039,West Dunbartonshire,Council Area,2016/2017,Count,898282,All
S12000039,West Dunbartonshire,Council Area,2022/2023,Count,920040,All
S12000039,West Dunbartonshire,Council Area,2018/2019,Count,814013,All
S12000039,West Dunbartonshire,Council Area,2017/2018,Count,556965,Community Care Grant
S12000039,West Dunbartonshire,Council Area,2017/2018,Count,280466,Crisis Grant
S12000039,West Dunbartonshire,Council Area,2021/2022,Count,559642,Community Care Grant
S12000039,West Dunbartonshire,Council Area,2015/2016,Count,228354,Crisis Grant
S12000039,West Dunbartonshire,Council Area,2014/2015,Count,236849,Crisis Grant
S12000039,West Dunbartonshire,Council Area,2015/2016,Count,562894,Community Care Grant
S12000039,West Dunbartonshire,Council Area,2020/2021,Count,535336,Crisis Grant
S12000039,West Dunbartonshire,Council Area,2021/2022,Count,1049015,All
S12000039,West Dunbartonshire,Council Area,2022/2023,Count,558575,Community Care Grant
S12000039,West Dunbartonshire,Council Area,2021/2022,Count,489372,Crisis Grant
S12000039,West Dunbartonshire,Council Area,2013/2014,Count,251620,Crisis Grant
S12000039,West Dunbartonshire,Council Area,2013/2014,Count,540458,Community Care Grant
S12000039,West Dunbartonshire,Council Area,2020/2021,Count,1267000,All
S12000039,West Dunbartonshire,Council Area,2019/2020,Count,293763,Crisis Grant
S12000039,West Dunbartonshire,Council Area,2020/2021,Count,731664,Community Care Grant
S12000039,West Dunbartonshire,Council Area,2014/2015,Count,617396,Community Care Grant
S12000040,West Lothian,Council Area,2014/2015,Count,172975,Crisis Grant
S12000040,West Lothian,Council Area,2013/2014,Count,207346,Crisis Grant
S12000040,West Lothian,Council Area,2014/2015,Count,909921,Community Care Grant
S12000040,West Lothian,Council Area,2015/2016,Count,882123,Community Care Grant
S12000040,West Lothian,Council Area,2013/2014,Count,1010287,All
S12000040,West Lothian,Council Area,2014/2015,Count,1082896,All
S12000040,West Lothian,Council Area,2015/2016,Count,203470,Crisis Grant
S12000040,West Lothian,Council Area,2016/2017,Count,810107,Community Care Grant
S12000040,West Lothian,Council Area,2015/2016,Count,1085593,All
S12000040,West Lothian,Council Area,2020/2021,Count,2119572,All
S12000040,West Lothian,Council Area,2019/2020,Count,372776,Crisis Grant
S12000040,West Lothian,Council Area,2020/2021,Count,1099558,Community Care Grant
S12000040,West Lothian,Council Area,2019/2020,Count,1213181,All
S12000040,West Lothian,Council Area,2019/2020,Count,840404,Community Care Grant
S12000040,West Lothian,Council Area,2021/2022,Count,2251900,All
S12000040,West Lothian,Council Area,2021/2022,Count,1056965,Crisis Grant
S12000040,West Lothian,Council Area,2022/2023,Count,1336298,Community Care Grant
S12000040,West Lothian,Council Area,2020/2021,Count,1020013,Crisis Grant
S12000040,West Lothian,Council Area,2021/2022,Count,1194935,Community Care Grant
S12000040,West Lothian,Council Area,2017/2018,Count,807651,Community Care Grant
S12000040,West Lothian,Council Area,2017/2018,Count,1061447,All
S12000040,West Lothian,Council Area,2017/2018,Count,253797,Crisis Grant
S12000040,West Lothian,Council Area,2016/2017,Count,245162,Crisis Grant
S12000040,West Lothian,Council Area,2016/2017,Count,1055269,All
S12000040,West Lothian,Council Area,2022/2023,Count,1142516,Crisis Grant
S12000040,West Lothian,Council Area,2018/2019,Count,683971,Community Care Grant
S12000040,West Lothian,Council Area,2018/2019,Count,346617,Crisis Grant
S12000040,West Lothian,Council Area,2022/2023,Count,2478814,All
S12000040,West Lothian,Council Area,2018/2019,Count,1030588,All
S12000040,West Lothian,Council Area,2013/2014,Count,802941,Community Care Grant
S92000003,Scotland,Country,2014/2015,Count,28152300,Community Care Grant
S92000003,Scotland,Country,2015/2016,Count,25332401,Community Care Grant
S92000003,Scotland,Country,2013/2014,Count,22886051,Community Care Grant
S92000003,Scotland,Country,2018/2019,Count,10435350,Crisis Grant
S92000003,Scotland,Country,2016/2017,Count,25270234,Community Care Grant
S92000003,Scotland,Country,2015/2016,Count,33226822,All
S92000003,Scotland,Country,2019/2020,Count,12979820,Crisis Grant
S92000003,Scotland,Country,2019/2020,Count,37703724,All
S92000003,Scotland,Country,2019/2020,Count,24723904,Community Care Grant
S92000003,Scotland,Country,2017/2018,Count,9126727,Crisis Grant
S92000003,Scotland,Country,2016/2017,Count,34514386,All
S92000003,Scotland,Country,2017/2018,Count,32863289,All
S92000003,Scotland,Country,2017/2018,Count,23736562,Community Care Grant
S92000003,Scotland,Country,2016/2017,Count,9244152,Crisis Grant
S92000003,Scotland,Country,2018/2019,Count,24834330,Community Care Grant
S92000003,Scotland,Country,2022/2023,Count,56027073,All
S92000003,Scotland,Country,2018/2019,Count,35269680,All
S92000003,Scotland,Country,2021/2022,Count,53775108,All
S92000003,Scotland,Country,2015/2016,Count,7894421,Crisis Grant
S92000003,Scotland,Country,2021/2022,Count,33518757,Community Care Grant
S92000003,Scotland,Country,2021/2022,Count,20256351,Crisis Grant
S92000003,Scotland,Country,2022/2023,Count,21146679,Crisis Grant
S92000003,Scotland,Country,2013/2014,Count,5823531,Crisis Grant
S92000003,Scotland,Country,2022/2023,Count,34880395,Community Care Grant
S92000003,Scotland,Country,2014/2015,Count,7427038,Crisis Grant
S92000003,Scotland,Country,2020/2021,Count,19993550,Crisis Grant
S92000003,Scotland,Country,2014/2015,Count,35579337,All
S92000003,Scotland,Country,2020/2021,Count,29377757,Community Care Grant
S92000003,Scotland,Country,2013/2014,Count,28709582,All
S92000003,Scotland,Country,2020/2021,Count,49371306,All
S12000005,Clackmannanshire,Council Area,2016/2017,Count,447335,Community Care Grant
S12000005,Clackmannanshire,Council Area,2017/2018,Count,193875,Community Care Grant
S12000005,Clackmannanshire,Council Area,2017/2018,Count,307543,All
S12000005,Clackmannanshire,Council Area,2016/2017,Count,60477,Crisis Grant
S12000005,Clackmannanshire,Council Area,2015/2016,Count,317570,All
S12000005,Clackmannanshire,Council Area,2014/2015,Count,446887,All
S12000005,Clackmannanshire,Council Area,2016/2017,Count,507812,All
S12000005,Clackmannanshire,Council Area,2013/2014,Count,214397,All
S12000005,Clackmannanshire,Council Area,2020/2021,Count,341444,Crisis Grant
S12000005,Clackmannanshire,Council Area,2021/2022,Count,257460,Community Care Grant
S12000005,Clackmannanshire,Council Area,2020/2021,Count,637101,All
S12000005,Clackmannanshire,Council Area,2020/2021,Count,295657,Community Care Grant
S12000005,Clackmannanshire,Council Area,2022/2023,Count,308793,Community Care Grant
S12000005,Clackmannanshire,Council Area,2022/2023,Count,228787,Crisis Grant
S12000005,Clackmannanshire,Council Area,2021/2022,Count,205279,Crisis Grant
S12000005,Clackmannanshire,Council Area,2021/2022,Count,462739,All
S12000005,Clackmannanshire,Council Area,2018/2019,Count,327454,All
S12000005,Clackmannanshire,Council Area,2018/2019,Count,156590,Community Care Grant
S12000005,Clackmannanshire,Council Area,2017/2018,Count,113668,Crisis Grant
S12000005,Clackmannanshire,Council Area,2022/2023,Count,537580,All
S12000005,Clackmannanshire,Council Area,2019/2020,Count,243201,Community Care Grant
S12000005,Clackmannanshire,Council Area,2019/2020,Count,263887,Crisis Grant
S12000005,Clackmannanshire,Council Area,2018/2019,Count,170864,Crisis Grant
S12000005,Clackmannanshire,Council Area,2019/2020,Count,507088,All
S12000005,Clackmannanshire,Council Area,2014/2015,Count,44499,Crisis Grant
S12000005,Clackmannanshire,Council Area,2013/2014,Count,37671,Crisis Grant
S12000005,Clackmannanshire,Council Area,2015/2016,Count,29969,Crisis Grant
S12000005,Clackmannanshire,Council Area,2014/2015,Count,402388,Community Care Grant
S12000005,Clackmannanshire,Council Area,2013/2014,Count,176726,Community Care Grant
S12000005,Clackmannanshire,Council Area,2015/2016,Count,287601,Community Care Grant
S12000006,Dumfries and Galloway,Council Area,2017/2018,Count,232840,Crisis Grant
S12000006,Dumfries and Galloway,Council Area,2019/2020,Count,714196,Community Care Grant
S12000006,Dumfries and Galloway,Council Area,2015/2016,Count,653594,All
S12000006,Dumfries and Galloway,Council Area,2019/2020,Count,374199,Crisis Grant
S12000006,Dumfries and Galloway,Council Area,2016/2017,Count,214655,Crisis Grant
S12000006,Dumfries and Galloway,Council Area,2022/2023,Count,1145897,Community Care Grant
S12000006,Dumfries and Galloway,Council Area,2017/2018,Count,552746,Community Care Grant
S12000006,Dumfries and Galloway,Council Area,2020/2021,Count,1517070,All
S12000006,Dumfries and Galloway,Council Area,2022/2023,Count,527371,Crisis Grant
S12000006,Dumfries and Galloway,Council Area,2020/2021,Count,910279,Community Care Grant
S12000006,Dumfries and Galloway,Council Area,2016/2017,Count,689548,All
S12000006,Dumfries and Galloway,Council Area,2013/2014,Count,559065,All
S12000006,Dumfries and Galloway,Council Area,2014/2015,Count,612183,All
S12000006,Dumfries and Galloway,Council Area,2021/2022,Count,1484074,All
S12000006,Dumfries and Galloway,Council Area,2015/2016,Count,166013,Crisis Grant
S12000006,Dumfries and Galloway,Council Area,2013/2014,Count,122610,Crisis Grant
S12000006,Dumfries and Galloway,Council Area,2018/2019,Count,700185,Community Care Grant
S12000006,Dumfries and Galloway,Council Area,2022/2023,Count,1673268,All
S12000006,Dumfries and Galloway,Council Area,2016/2017,Count,474893,Community Care Grant
S12000006,Dumfries and Galloway,Council Area,2014/2015,Count,145728,Crisis Grant
S12000006,Dumfries and Galloway,Council Area,2018/2019,Count,1066947,All
S12000006,Dumfries and Galloway,Council Area,2018/2019,Count,366762,Crisis Grant
S12000006,Dumfries and Galloway,Council Area,2017/2018,Count,785586,All
S12000006,Dumfries and Galloway,Council Area,2019/2020,Count,1088394,All
S12000006,Dumfries and Galloway,Council Area,2014/2015,Count,466454,Community Care Grant
S12000006,Dumfries and Galloway,Council Area,2013/2014,Count,436455,Community Care Grant
S12000006,Dumfries and Galloway,Council Area,2015/2016,Count,487582,Community Care Grant
S12000006,Dumfries and Galloway,Council Area,2021/2022,Count,469249,Crisis Grant
S12000006,Dumfries and Galloway,Council Area,2021/2022,Count,1014825,Community Care Grant
S12000006,Dumfries and Galloway,Council Area,2020/2021,Count,606791,Crisis Grant
S12000008,East Ayrshire,Council Area,2022/2023,Count,1094538,Community Care Grant
S12000008,East Ayrshire,Council Area,2018/2019,Count,205376,Crisis Grant
S12000008,East Ayrshire,Council Area,2016/2017,Count,217008,Crisis Grant
S12000008,East Ayrshire,Council Area,2020/2021,Count,1211749,All
S12000008,East Ayrshire,Council Area,2021/2022,Count,278370,Crisis Grant
S12000008,East Ayrshire,Council Area,2021/2022,Count,1289394,All
S12000008,East Ayrshire,Council Area,2014/2015,Count,238708,Crisis Grant
S12000008,East Ayrshire,Council Area,2013/2014,Count,886099,All
S12000008,East Ayrshire,Council Area,2014/2015,Count,928611,All
S12000008,East Ayrshire,Council Area,2018/2019,Count,776624,Community Care Grant
S12000008,East Ayrshire,Council Area,2019/2020,Count,182395,Crisis Grant
S12000008,East Ayrshire,Council Area,2015/2016,Count,857228,All
S12000008,East Ayrshire,Council Area,2022/2023,Count,1384745,All
S12000008,East Ayrshire,Council Area,2022/2023,Count,290207,Crisis Grant
S12000008,East Ayrshire,Council Area,2016/2017,Count,710127,Community Care Grant
S12000008,East Ayrshire,Council Area,2013/2014,Count,228875,Crisis Grant
S12000008,East Ayrshire,Council Area,2018/2019,Count,982000,All
S12000008,East Ayrshire,Council Area,2020/2021,Count,972585,Community Care Grant
S12000008,East Ayrshire,Council Area,2019/2020,Count,945301,All
S12000008,East Ayrshire,Council Area,2013/2014,Count,657224,Community Care Grant
S12000008,East Ayrshire,Council Area,2014/2015,Count,689903,Community Care Grant
S12000008,East Ayrshire,Council Area,2017/2018,Count,949193,All
S12000008,East Ayrshire,Council Area,2016/2017,Count,927135,All
S12000008,East Ayrshire,Council Area,2017/2018,Count,210516,Crisis Grant
S12000008,East Ayrshire,Council Area,2017/2018,Count,738677,Community Care Grant
S12000008,East Ayrshire,Council Area,2019/2020,Count,762906,Community Care Grant
S12000008,East Ayrshire,Council Area,2021/2022,Count,1011024,Community Care Grant
S12000008,East Ayrshire,Council Area,2015/2016,Count,231961,Crisis Grant
S12000008,East Ayrshire,Council Area,2015/2016,Count,625267,Community Care Grant
S12000008,East Ayrshire,Council Area,2020/2021,Count,239164,Crisis Grant
S12000010,East Lothian,Council Area,2022/2023,Count,339432,Crisis Grant
S12000010,East Lothian,Council Area,2019/2020,Count,194833,Crisis Grant
S12000010,East Lothian,Council Area,2018/2019,Count,508438,All
S12000010,East Lothian,Council Area,2014/2015,Count,305763,Community Care Grant
S12000010,East Lothian,Council Area,2013/2014,Count,265681,Community Care Grant
S12000010,East Lothian,Council Area,2015/2016,Count,284791,Community Care Grant
S12000010,East Lothian,Council Area,2015/2016,Count,117144,Crisis Grant
S12000010,East Lothian,Council Area,2019/2020,Count,334778,Community Care Grant
S12000010,East Lothian,Council Area,2019/2020,Count,529611,All
S12000010,East Lothian,Council Area,2021/2022,Count,640672,Community Care Grant
S12000010,East Lothian,Council Area,2021/2022,Count,898179,All
S12000010,East Lothian,Council Area,2013/2014,Count,99530,Crisis Grant
S12000010,East Lothian,Council Area,2018/2019,Count,327797,Community Care Grant
S12000010,East Lothian,Council Area,2014/2015,Count,88202,Crisis Grant
S12000010,East Lothian,Council Area,2018/2019,Count,180641,Crisis Grant
S12000010,East Lothian,Council Area,2016/2017,Count,257709,Community Care Grant
S12000010,East Lothian,Council Area,2017/2018,Count,306160,Community Care Grant
S12000010,East Lothian,Council Area,2022/2023,Count,848099,Community Care Grant
S12000010,East Lothian,Council Area,2013/2014,Count,365211,All
S12000010,East Lothian,Council Area,2016/2017,Count,417642,All
S12000010,East Lothian,Council Area,2020/2021,Count,268485,Crisis Grant
S12000010,East Lothian,Council Area,2020/2021,Count,803624,All
S12000010,East Lothian,Council Area,2016/2017,Count,159933,Crisis Grant
S12000010,East Lothian,Council Area,2017/2018,Count,144946,Crisis Grant
S12000010,East Lothian,Council Area,2017/2018,Count,451106,All
S12000010,East Lothian,Council Area,2020/2021,Count,535139,Community Care Grant
S12000010,East Lothian,Council Area,2021/2022,Count,257507,Crisis Grant
S12000010,East Lothian,Council Area,2015/2016,Count,401935,All
S12000010,East Lothian,Council Area,2014/2015,Count,393964,All
S12000010,East Lothian,Council Area,2022/2023,Count,1187531,All
S12000011,East Renfrewshire,Council Area,2014/2015,Count,22740,Crisis Grant
S12000011,East Renfrewshire,Council Area,2017/2018,Count,256464,Community Care Grant
S12000011,East Renfrewshire,Council Area,2017/2018,Count,286599,All
S12000011,East Renfrewshire,Council Area,2021/2022,Count,478987,Community Care Grant
S12000011,East Renfrewshire,Council Area,2022/2023,Count,116697,Crisis Grant
S12000011,East Renfrewshire,Council Area,2015/2016,Count,25062,Crisis Grant
S12000011,East Renfrewshire,Council Area,2014/2015,Count,287159,Community Care Grant
S12000011,East Renfrewshire,Council Area,2013/2014,Count,106587,Community Care Grant
S12000011,East Renfrewshire,Council Area,2018/2019,Count,286169,Community Care Grant
S12000011,East Renfrewshire,Council Area,2016/2017,Count,258401,Community Care Grant
S12000011,East Renfrewshire,Council Area,2018/2019,Count,320778,All
S12000011,East Renfrewshire,Council Area,2021/2022,Count,85655,Crisis Grant
S12000011,East Renfrewshire,Council Area,2013/2014,Count,12390,Crisis Grant
S12000011,East Renfrewshire,Council Area,2018/2019,Count,34609,Crisis Grant
S12000011,East Renfrewshire,Council Area,2017/2018,Count,30135,Crisis Grant
S12000011,East Renfrewshire,Council Area,2022/2023,Count,492287,All
S12000011,East Renfrewshire,Council Area,2016/2017,Count,32684,Crisis Grant
S12000011,East Renfrewshire,Council Area,2020/2021,Count,58067,Crisis Grant
S12000011,East Renfrewshire,Council Area,2020/2021,Count,364205,All
S12000011,East Renfrewshire,Council Area,2019/2020,Count,300140,Community Care Grant
S12000011,East Renfrewshire,Council Area,2015/2016,Count,306308,All
S12000011,East Renfrewshire,Council Area,2021/2022,Count,564642,All
S12000011,East Renfrewshire,Council Area,2013/2014,Count,118977,All
S12000011,East Renfrewshire,Council Area,2022/2023,Count,375590,Community Care Grant
S12000011,East Renfrewshire,Council Area,2014/2015,Count,309899,All
S12000011,East Renfrewshire,Council Area,2016/2017,Count,291086,All
S12000011,East Renfrewshire,Council Area,2019/2020,Count,333333,All
S12000011,East Renfrewshire,Council Area,2019/2020,Count,33193,Crisis Grant
S12000011,East Renfrewshire,Council Area,2020/2021,Count,306138,Community Care Grant
S12000011,East Renfrewshire,Council Area,2015/2016,Count,281246,Community Care Grant
S12000013,Na h-Eileanan Siar,Council Area,2019/2020,Count,16045,Crisis Grant
S12000013,Na h-Eileanan Siar,Council Area,2021/2022,Count,19141,Crisis Grant
S12000013,Na h-Eileanan Siar,Council Area,2014/2015,Count,40312,Community Care Grant
S12000013,Na h-Eileanan Siar,Council Area,2022/2023,Count,20546,Crisis Grant
S12000013,Na h-Eileanan Siar,Council Area,2020/2021,Count,92451,All
S12000013,Na h-Eileanan Siar,Council Area,2015/2016,Count,37134,Community Care Grant
S12000013,Na h-Eileanan Siar,Council Area,2015/2016,Count,48628,All
S12000013,Na h-Eileanan Siar,Council Area,2020/2021,Count,21847,Crisis Grant
S12000013,Na h-Eileanan Siar,Council Area,2013/2014,Count,30278,All
S12000013,Na h-Eileanan Siar,Council Area,2014/2015,Count,51620,All
S12000013,Na h-Eileanan Siar,Council Area,2016/2017,Count,54261,All
S12000013,Na h-Eileanan Siar,Council Area,2013/2014,Count,24751,Community Care Grant
S12000013,Na h-Eileanan Siar,Council Area,2016/2017,Count,10204,Crisis Grant
S12000013,Na h-Eileanan Siar,Council Area,2018/2019,Count,82729,All
S12000013,Na h-Eileanan Siar,Council Area,2018/2019,Count,11561,Crisis Grant
S12000013,Na h-Eileanan Siar,Council Area,2022/2023,Count,131223,All
S12000013,Na h-Eileanan Siar,Council Area,2013/2014,Count,5527,Crisis Grant
S12000013,Na h-Eileanan Siar,Council Area,2019/2020,Count,77516,Community Care Grant
S12000013,Na h-Eileanan Siar,Council Area,2014/2015,Count,11308,Crisis Grant
S12000013,Na h-Eileanan Siar,Council Area,2019/2020,Count,93561,All
S12000013,Na h-Eileanan Siar,Council Area,2021/2022,Count,137079,All
S12000013,Na h-Eileanan Siar,Council Area,2020/2021,Count,70603,Community Care Grant
S12000013,Na h-Eileanan Siar,Council Area,2017/2018,Count,11363,Crisis Grant
S12000013,Na h-Eileanan Siar,Council Area,2015/2016,Count,11493,Crisis Grant
S12000013,Na h-Eileanan Siar,Council Area,2017/2018,Count,40437,Community Care Grant
S12000013,Na h-Eileanan Siar,Council Area,2016/2017,Count,44057,Community Care Grant
S12000013,Na h-Eileanan Siar,Council Area,2018/2019,Count,71169,Community Care Grant
S12000013,Na h-Eileanan Siar,Council Area,2017/2018,Count,51800,All
S12000013,Na h-Eileanan Siar,Council Area,2021/2022,Count,117938,Community Care Grant
S12000013,Na h-Eileanan Siar,Council Area,2022/2023,Count,110677,Community Care Grant
S12000014,Falkirk,Council Area,2020/2021,Count,235558,Crisis Grant
S12000014,Falkirk,Council Area,2021/2022,Count,219566,Crisis Grant
S12000014,Falkirk,Council Area,2013/2014,Count,498469,Community Care Grant
S12000014,Falkirk,Council Area,2014/2015,Count,837055,Community Care Grant
S12000014,Falkirk,Council Area,2020/2021,Count,850802,All
S12000014,Falkirk,Council Area,2020/2021,Count,615244,Community Care Grant
S12000014,Falkirk,Council Area,2022/2023,Count,1143267,Community Care Grant
S12000014,Falkirk,Council Area,2015/2016,Count,672765,Community Care Grant
S12000014,Falkirk,Council Area,2016/2017,Count,919410,All
S12000014,Falkirk,Council Area,2017/2018,Count,220671,Crisis Grant
S12000014,Falkirk,Council Area,2016/2017,Count,196205,Crisis Grant
S12000014,Falkirk,Council Area,2017/2018,Count,865950,All
S12000014,Falkirk,Council Area,2017/2018,Count,645279,Community Care Grant
S12000014,Falkirk,Council Area,2021/2022,Count,1196773,All
S12000014,Falkirk,Council Area,2015/2016,Count,880473,All
S12000014,Falkirk,Council Area,2018/2019,Count,938296,All
S12000014,Falkirk,Council Area,2013/2014,Count,653180,All
S12000014,Falkirk,Council Area,2014/2015,Count,1087565,All
S12000014,Falkirk,Council Area,2015/2016,Count,207707,Crisis Grant
S12000014,Falkirk,Council Area,2014/2015,Count,250509,Crisis Grant
S12000014,Falkirk,Council Area,2019/2020,Count,484995,Community Care Grant
S12000014,Falkirk,Council Area,2018/2019,Count,237316,Crisis Grant
S12000014,Falkirk,Council Area,2013/2014,Count,154711,Crisis Grant
S12000014,Falkirk,Council Area,2019/2020,Count,238394,Crisis Grant
S12000014,Falkirk,Council Area,2019/2020,Count,723389,All
S12000014,Falkirk,Council Area,2018/2019,Count,700981,Community Care Grant
S12000014,Falkirk,Council Area,2022/2023,Count,243998,Crisis Grant
S12000014,Falkirk,Council Area,2022/2023,Count,1387265,All
S12000014,Falkirk,Council Area,2016/2017,Count,723205,Community Care Grant
S12000014,Falkirk,Council Area,2021/2022,Count,977207,Community Care Grant
S12000017,Highland,Council Area,2020/2021,Count,1028068,All
S12000017,Highland,Council Area,2019/2020,Count,719216,Community Care Grant
S12000017,Highland,Council Area,2018/2019,Count,760259,Community Care Grant
S12000017,Highland,Council Area,2021/2022,Count,1043794,Community Care Grant
S12000017,Highland,Council Area,2013/2014,Count,565099,Community Care Grant
S12000017,Highland,Council Area,2016/2017,Count,823503,All
S12000017,Highland,Council Area,2021/2022,Count,626753,Crisis Grant
S12000017,Highland,Council Area,2022/2023,Count,743347,Community Care Grant
S12000017,Highland,Council Area,2021/2022,Count,1670547,All
S12000017,Highland,Council Area,2018/2019,Count,178624,Crisis Grant
S12000017,Highland,Council Area,2020/2021,Count,698099,Community Care Grant
S12000017,Highland,Council Area,2019/2020,Count,895266,All
S12000017,Highland,Council Area,2014/2015,Count,220553,Crisis Grant
S12000017,Highland,Council Area,2015/2016,Count,216409,Crisis Grant
S12000017,Highland,Council Area,2013/2014,Count,148484,Crisis Grant
S12000017,Highland,Council Area,2016/2017,Count,256771,Crisis Grant
S12000017,Highland,Council Area,2013/2014,Count,713582,All
S12000017,Highland,Council Area,2022/2023,Count,1055473,All
S12000017,Highland,Council Area,2020/2021,Count,329969,Crisis Grant
S12000017,Highland,Council Area,2016/2017,Count,566732,Community Care Grant
S12000017,Highland,Council Area,2014/2015,Count,671266,Community Care Grant
S12000017,Highland,Council Area,2015/2016,Count,474408,Community Care Grant
S12000017,Highland,Council Area,2017/2018,Count,720136,Community Care Grant
S12000017,Highland,Council Area,2017/2018,Count,228355,Crisis Grant
S12000017,Highland,Council Area,2022/2023,Count,312126,Crisis Grant
S12000017,Highland,Council Area,2017/2018,Count,948491,All
S12000017,Highland,Council Area,2014/2015,Count,891818,All
S12000017,Highland,Council Area,2018/2019,Count,938884,All
S12000017,Highland,Council Area,2019/2020,Count,176050,Crisis Grant
S12000017,Highland,Council Area,2015/2016,Count,690816,All
S12000018,Inverclyde,Council Area,2022/2023,Count,605177,Community Care Grant
S12000018,Inverclyde,Council Area,2014/2015,Count,630807,Community Care Grant
S12000018,Inverclyde,Council Area,2020/2021,Count,1001578,All
S12000018,Inverclyde,Council Area,2013/2014,Count,454010,Community Care Grant
S12000018,Inverclyde,Council Area,2019/2020,Count,240851,Crisis Grant
S12000018,Inverclyde,Council Area,2015/2016,Count,606917,Community Care Grant
S12000018,Inverclyde,Council Area,2021/2022,Count,783168,Community Care Grant
S12000018,Inverclyde,Council Area,2020/2021,Count,300879,Crisis Grant
S12000018,Inverclyde,Council Area,2021/2022,Count,263661,Crisis Grant
S12000018,Inverclyde,Council Area,2020/2021,Count,700699,Community Care Grant
S12000018,Inverclyde,Council Area,2022/2023,Count,274136,Crisis Grant
S12000018,Inverclyde,Council Area,2022/2023,Count,879313,All
S12000018,Inverclyde,Council Area,2017/2018,Count,261143,Crisis Grant
S12000018,Inverclyde,Council Area,2018/2019,Count,771680,All
S12000018,Inverclyde,Council Area,2017/2018,Count,791125,All
S12000018,Inverclyde,Council Area,2017/2018,Count,529982,Community Care Grant
S12000018,Inverclyde,Council Area,2019/2020,Count,724863,All
S12000018,Inverclyde,Council Area,2021/2022,Count,1046828,All
S12000018,Inverclyde,Council Area,2019/2020,Count,484012,Community Care Grant
S12000018,Inverclyde,Council Area,2018/2019,Count,515626,Community Care Grant
S12000018,Inverclyde,Council Area,2018/2019,Count,256054,Crisis Grant
S12000018,Inverclyde,Council Area,2015/2016,Count,191573,Crisis Grant
S12000018,Inverclyde,Council Area,2016/2017,Count,693018,All
S12000018,Inverclyde,Council Area,2014/2015,Count,780087,All
S12000018,Inverclyde,Council Area,2016/2017,Count,502660,Community Care Grant
S12000018,Inverclyde,Council Area,2014/2015,Count,149281,Crisis Grant
S12000018,Inverclyde,Council Area,2013/2014,Count,109618,Crisis Grant
S12000018,Inverclyde,Council Area,2016/2017,Count,190357,Crisis Grant
S12000018,Inverclyde,Council Area,2015/2016,Count,798491,All
S12000018,Inverclyde,Council Area,2013/2014,Count,563628,All
S12000019,Midlothian,Council Area,2018/2019,Count,207482,Crisis Grant
S12000019,Midlothian,Council Area,2016/2017,Count,127087,Crisis Grant
S12000019,Midlothian,Council Area,2017/2018,Count,396031,All
S12000019,Midlothian,Council Area,2013/2014,Count,199249,Community Care Grant
S12000019,Midlothian,Council Area,2014/2015,Count,295094,Community Care Grant
S12000019,Midlothian,Council Area,2018/2019,Count,247796,Community Care Grant
S12000019,Midlothian,Council Area,2018/2019,Count,455278,All
S12000019,Midlothian,Council Area,2020/2021,Count,599448,All
S12000019,Midlothian,Council Area,2016/2017,Count,228364,Community Care Grant
S12000019,Midlothian,Council Area,2019/2020,Count,492578,All
S12000019,Midlothian,Council Area,2013/2014,Count,303412,All
S12000019,Midlothian,Council Area,2016/2017,Count,355451,All
S12000019,Midlothian,Council Area,2015/2016,Count,453713,All
S12000019,Midlothian,Council Area,2014/2015,Count,410804,All
S12000019,Midlothian,Council Area,2020/2021,Count,354132,Crisis Grant
S12000019,Midlothian,Council Area,2020/2021,Count,245316,Community Care Grant
S12000019,Midlothian,Council Area,2022/2023,Count,345498,Community Care Grant
S12000019,Midlothian,Council Area,2015/2016,Count,129238,Crisis Grant
S12000019,Midlothian,Council Area,2014/2015,Count,115710,Crisis Grant
S12000019,Midlothian,Council Area,2013/2014,Count,104163,Crisis Grant
S12000019,Midlothian,Council Area,2019/2020,Count,265427,Crisis Grant
S12000019,Midlothian,Council Area,2022/2023,Count,427889,Crisis Grant
S12000019,Midlothian,Council Area,2021/2022,Count,340129,Community Care Grant
S12000019,Midlothian,Council Area,2021/2022,Count,370725,Crisis Grant
S12000019,Midlothian,Council Area,2021/2022,Count,710854,All
S12000019,Midlothian,Council Area,2017/2018,Count,221401,Community Care Grant
S12000019,Midlothian,Council Area,2019/2020,Count,227151,Community Care Grant
S12000019,Midlothian,Council Area,2022/2023,Count,773387,All
S12000019,Midlothian,Council Area,2017/2018,Count,174630,Crisis Grant
S12000019,Midlothian,Council Area,2015/2016,Count,324475,Community Care Grant
S12000020,Moray,Council Area,2017/2018,Count,374268,All
S12000020,Moray,Council Area,2017/2018,Count,256492,Community Care Grant
S12000020,Moray,Council Area,2017/2018,Count,117775,Crisis Grant
S12000020,Moray,Council Area,2020/2021,Count,321561,Community Care Grant
S12000020,Moray,Council Area,2021/2022,Count,698350,All
S12000020,Moray,Council Area,2018/2019,Count,370901,All
S12000020,Moray,Council Area,2021/2022,Count,451364,Community Care Grant
S12000020,Moray,Council Area,2021/2022,Count,246986,Crisis Grant
S12000020,Moray,Council Area,2015/2016,Count,386834,All
S12000020,Moray,Council Area,2019/2020,Count,397532,All
S12000020,Moray,Council Area,2016/2017,Count,245087,Community Care Grant
S12000020,Moray,Council Area,2016/2017,Count,138905,Crisis Grant
S12000020,Moray,Council Area,2022/2023,Count,163786,Crisis Grant
S12000020,Moray,Council Area,2013/2014,Count,280173,Community Care Grant
S12000020,Moray,Council Area,2013/2014,Count,104125,Crisis Grant
S12000020,Moray,Council Area,2014/2015,Count,97104,Crisis Grant
S12000020,Moray,Council Area,2018/2019,Count,107367,Crisis Grant
S12000020,Moray,Council Area,2014/2015,Count,235556,Community Care Grant
S12000020,Moray,Council Area,2022/2023,Count,590170,All
S12000020,Moray,Council Area,2020/2021,Count,159328,Crisis Grant
S12000020,Moray,Council Area,2015/2016,Count,111693,Crisis Grant
S12000020,Moray,Council Area,2019/2020,Count,254739,Community Care Grant
S12000020,Moray,Council Area,2014/2015,Count,332660,All
S12000020,Moray,Council Area,2020/2021,Count,480889,All
S12000020,Moray,Council Area,2018/2019,Count,263535,Community Care Grant
S12000020,Moray,Council Area,2019/2020,Count,142794,Crisis Grant
S12000020,Moray,Council Area,2022/2023,Count,426384,Community Care Grant
S12000020,Moray,Council Area,2016/2017,Count,383992,All
S12000020,Moray,Council Area,2013/2014,Count,384298,All
S12000020,Moray,Council Area,2015/2016,Count,275140,Community Care Grant
S12000021,North Ayrshire,Council Area,2022/2023,Count,1415223,All
S12000021,North Ayrshire,Council Area,2018/2019,Count,335146,Crisis Grant
S12000021,North Ayrshire,Council Area,2020/2021,Count,245899,Crisis Grant
S12000021,North Ayrshire,Council Area,2019/2020,Count,1236642,All
S12000021,North Ayrshire,Council Area,2016/2017,Count,292809,Crisis Grant
S12000021,North Ayrshire,Council Area,2016/2017,Count,912995,Community Care Grant
S12000021,North Ayrshire,Council Area,2019/2020,Count,270081,Crisis Grant
S12000021,North Ayrshire,Council Area,2020/2021,Count,918612,Community Care Grant
S12000021,North Ayrshire,Council Area,2021/2022,Count,173162,Crisis Grant
S12000021,North Ayrshire,Council Area,2018/2019,Count,1203448,All
S12000021,North Ayrshire,Council Area,2013/2014,Count,922858,All
S12000021,North Ayrshire,Council Area,2015/2016,Count,286092,Crisis Grant
S12000021,North Ayrshire,Council Area,2014/2015,Count,301534,Crisis Grant
S12000021,North Ayrshire,Council Area,2017/2018,Count,282765,Crisis Grant
S12000021,North Ayrshire,Council Area,2013/2014,Count,186095,Crisis Grant
S12000021,North Ayrshire,Council Area,2016/2017,Count,1205804,All
S12000021,North Ayrshire,Council Area,2014/2015,Count,1260931,All
S12000021,North Ayrshire,Council Area,2020/2021,Count,1164512,All
S12000021,North Ayrshire,Council Area,2017/2018,Count,1157367,All
S12000021,North Ayrshire,Council Area,2018/2019,Count,868302,Community Care Grant
S12000021,North Ayrshire,Council Area,2015/2016,Count,1097285,All
S12000021,North Ayrshire,Council Area,2017/2018,Count,874601,Community Care Grant
S12000021,North Ayrshire,Council Area,2013/2014,Count,736763,Community Care Grant
S12000021,North Ayrshire,Council Area,2014/2015,Count,959397,Community Care Grant
S12000021,North Ayrshire,Council Area,2021/2022,Count,1281034,All
S12000021,North Ayrshire,Council Area,2022/2023,Count,259271,Crisis Grant
S12000021,North Ayrshire,Council Area,2021/2022,Count,1107872,Community Care Grant
S12000021,North Ayrshire,Council Area,2015/2016,Count,811193,Community Care Grant
S12000021,North Ayrshire,Council Area,2019/2020,Count,966561,Community Care Grant
S12000021,North Ayrshire,Council Area,2022/2023,Count,1155952,Community Care Grant
S12000023,Orkney Islands,Council Area,2014/2015,Count,7404,Crisis Grant
S12000023,Orkney Islands,Council Area,2018/2019,Count,7481,Crisis Grant
S12000023,Orkney Islands,Council Area,2013/2014,Count,41254,All
S12000023,Orkney Islands,Council Area,2016/2017,Count,49300,Community Care Grant
S12000023,Orkney Islands,Council Area,2015/2016,Count,7548,Crisis Grant
S12000023,Orkney Islands,Council Area,2020/2021,Count,18689,Crisis Grant
S12000023,Orkney Islands,Council Area,2013/2014,Count,2798,Crisis Grant
S12000023,Orkney Islands,Council Area,2019/2020,Count,56216,Community Care Grant
S12000023,Orkney Islands,Council Area,2022/2023,Count,77789,Community Care Grant
S12000023,Orkney Islands,Council Area,2014/2015,Count,40233,Community Care Grant
S12000023,Orkney Islands,Council Area,2016/2017,Count,55064,All
S12000023,Orkney Islands,Council Area,2022/2023,Count,86982,All
S12000023,Orkney Islands,Council Area,2020/2021,Count,79735,Community Care Grant
S12000023,Orkney Islands,Council Area,2021/2022,Count,84639,All
S12000023,Orkney Islands,Council Area,2016/2017,Count,5764,Crisis Grant
S12000023,Orkney Islands,Council Area,2017/2018,Count,6611,Crisis Grant
S12000023,Orkney Islands,Council Area,2020/2021,Count,98425,All
S12000023,Orkney Islands,Council Area,2018/2019,Count,74646,All
S12000023,Orkney Islands,Council Area,2013/2014,Count,38456,Community Care Grant
S12000023,Orkney Islands,Council Area,2021/2022,Count,7315,Crisis Grant
S12000023,Orkney Islands,Council Area,2019/2020,Count,63082,All
S12000023,Orkney Islands,Council Area,2022/2023,Count,9193,Crisis Grant
S12000023,Orkney Islands,Council Area,2015/2016,Count,76889,All
S12000023,Orkney Islands,Council Area,2018/2019,Count,67165,Community Care Grant
S12000023,Orkney Islands,Council Area,2019/2020,Count,6866,Crisis Grant
S12000023,Orkney Islands,Council Area,2014/2015,Count,47637,All
S12000023,Orkney Islands,Council Area,2017/2018,Count,53297,Community Care Grant
S12000023,Orkney Islands,Council Area,2021/2022,Count,77324,Community Care Grant
S12000023,Orkney Islands,Council Area,2017/2018,Count,59908,All
S12000023,Orkney Islands,Council Area,2015/2016,Count,69341,Community Care Grant
S12000026,Scottish Borders,Council Area,2013/2014,Count,274403,Community Care Grant
S12000026,Scottish Borders,Council Area,2016/2017,Count,402061,Community Care Grant
S12000026,Scottish Borders,Council Area,2018/2019,Count,51809,Crisis Grant
S12000026,Scottish Borders,Council Area,2020/2021,Count,608621,Community Care Grant
S12000026,Scottish Borders,Council Area,2019/2020,Count,87602,Crisis Grant
S12000026,Scottish Borders,Council Area,2018/2019,Count,426394,Community Care Grant
S12000026,Scottish Borders,Council Area,2014/2015,Count,269116,Community Care Grant
S12000026,Scottish Borders,Council Area,2018/2019,Count,478203,All
S12000026,Scottish Borders,Council Area,2020/2021,Count,724290,All
S12000026,Scottish Borders,Council Area,2021/2022,Count,125229,Crisis Grant
S12000026,Scottish Borders,Council Area,2017/2018,Count,41639,Crisis Grant
S12000026,Scottish Borders,Council Area,2019/2020,Count,562523,All
S12000026,Scottish Borders,Council Area,2017/2018,Count,315140,Community Care Grant
S12000026,Scottish Borders,Council Area,2017/2018,Count,356779,All
S12000026,Scottish Borders,Council Area,2022/2023,Count,157370,Crisis Grant
S12000026,Scottish Borders,Council Area,2014/2015,Count,64928,Crisis Grant
S12000026,Scottish Borders,Council Area,2015/2016,Count,69884,Crisis Grant
S12000026,Scottish Borders,Council Area,2013/2014,Count,101481,Crisis Grant
S12000026,Scottish Borders,Council Area,2022/2023,Count,829497,Community Care Grant
S12000026,Scottish Borders,Council Area,2016/2017,Count,457593,All
S12000026,Scottish Borders,Council Area,2014/2015,Count,334044,All
S12000026,Scottish Borders,Council Area,2013/2014,Count,375884,All
S12000026,Scottish Borders,Council Area,2022/2023,Count,986866,All
S12000026,Scottish Borders,Council Area,2019/2020,Count,474921,Community Care Grant
S12000026,Scottish Borders,Council Area,2021/2022,Count,730063,All
S12000026,Scottish Borders,Council Area,2020/2021,Count,115669,Crisis Grant
S12000026,Scottish Borders,Council Area,2015/2016,Count,327976,Community Care Grant
S12000026,Scottish Borders,Council Area,2016/2017,Count,55532,Crisis Grant
S12000026,Scottish Borders,Council Area,2021/2022,Count,604833,Community Care Grant
S12000026,Scottish Borders,Council Area,2015/2016,Count,397860,All
S12000027,Shetland Islands,Council Area,2022/2023,Count,11930,Crisis Grant
S12000027,Shetland Islands,Council Area,2021/2022,Count,107255,Community Care Grant
S12000027,Shetland Islands,Council Area,2015/2016,Count,54816,All
S12000027,Shetland Islands,Council Area,2019/2020,Count,74620,Community Care Grant
S12000027,Shetland Islands,Council Area,2020/2021,Count,70789,All
S12000027,Shetland Islands,Council Area,2017/2018,Count,72913,Community Care Grant
S12000027,Shetland Islands,Council Area,2016/2017,Count,9715,Crisis Grant
S12000027,Shetland Islands,Council Area,2017/2018,Count,87162,All
S12000027,Shetland Islands,Council Area,2013/2014,Count,33082,All
S12000027,Shetland Islands,Council Area,2014/2015,Count,41098,All
S12000027,Shetland Islands,Council Area,2017/2018,Count,14249,Crisis Grant
S12000027,Shetland Islands,Council Area,2014/2015,Count,33734,Community Care Grant
S12000027,Shetland Islands,Council Area,2013/2014,Count,27598,Community Care Grant
S12000027,Shetland Islands,Council Area,2020/2021,Count,65926,Community Care Grant
S12000027,Shetland Islands,Council Area,2019/2020,Count,84580,All
S12000027,Shetland Islands,Council Area,2021/2022,Count,7163,Crisis Grant
S12000027,Shetland Islands,Council Area,2016/2017,Count,48419,Community Care Grant
S12000027,Shetland Islands,Council Area,2021/2022,Count,114418,All
S12000027,Shetland Islands,Council Area,2018/2019,Count,7892,Crisis Grant
S12000027,Shetland Islands,Council Area,2020/2021,Count,4863,Crisis Grant
S12000027,Shetland Islands,Council Area,2022/2023,Count,80569,All
S12000027,Shetland Islands,Council Area,2014/2015,Count,7364,Crisis Grant
S12000027,Shetland Islands,Council Area,2013/2014,Count,5485,Crisis Grant
S12000027,Shetland Islands,Council Area,2015/2016,Count,9296,Crisis Grant
S12000027,Shetland Islands,Council Area,2018/2019,Count,71922,Community Care Grant
S12000027,Shetland Islands,Council Area,2016/2017,Count,58134,All
S12000027,Shetland Islands,Council Area,2018/2019,Count,79814,All
S12000027,Shetland Islands,Council Area,2022/2023,Count,68639,Community Care Grant
S12000027,Shetland Islands,Council Area,2015/2016,Count,45520,Community Care Grant
S12000027,Shetland Islands,Council Area,2019/2020,Count,9960,Crisis Grant
S12000028,South Ayrshire,Council Area,2015/2016,Count,689757,All
S12000028,South Ayrshire,Council Area,2019/2020,Count,237710,Crisis Grant
S12000028,South Ayrshire,Council Area,2018/2019,Count,214993,Crisis Grant
S12000028,South Ayrshire,Council Area,2019/2020,Count,703804,All
S12000028,South Ayrshire,Council Area,2013/2014,Count,561467,All
S12000028,South Ayrshire,Council Area,2022/2023,Count,327859,Crisis Grant
S12000028,South Ayrshire,Council Area,2014/2015,Count,780351,All
S12000028,South Ayrshire,Council Area,2019/2020,Count,466094,Community Care Grant
S12000028,South Ayrshire,Council Area,2017/2018,Count,500729,Community Care Grant
S12000028,South Ayrshire,Council Area,2017/2018,Count,640193,All
S12000028,South Ayrshire,Council Area,2021/2022,Count,1079809,All
S12000028,South Ayrshire,Council Area,2017/2018,Count,139464,Crisis Grant
S12000028,South Ayrshire,Council Area,2016/2017,Count,570911,Community Care Grant
S12000028,South Ayrshire,Council Area,2018/2019,Count,816629,All
S12000028,South Ayrshire,Council Area,2016/2017,Count,154688,Crisis Grant
S12000028,South Ayrshire,Council Area,2020/2021,Count,478368,Community Care Grant
S12000028,South Ayrshire,Council Area,2021/2022,Count,407236,Crisis Grant
S12000028,South Ayrshire,Council Area,2013/2014,Count,136786,Crisis Grant
S12000028,South Ayrshire,Council Area,2015/2016,Count,108511,Crisis Grant
S12000028,South Ayrshire,Council Area,2014/2015,Count,148492,Crisis Grant
S12000028,South Ayrshire,Council Area,2013/2014,Count,424682,Community Care Grant
S12000028,South Ayrshire,Council Area,2022/2023,Count,1069370,All
S12000028,South Ayrshire,Council Area,2020/2021,Count,349132,Crisis Grant
S12000028,South Ayrshire,Council Area,2015/2016,Count,581246,Community Care Grant
S12000028,South Ayrshire,Council Area,2018/2019,Count,601636,Community Care Grant
S12000028,South Ayrshire,Council Area,2016/2017,Count,725599,All
S12000028,South Ayrshire,Council Area,2020/2021,Count,827500,All
S12000028,South Ayrshire,Council Area,2014/2015,Count,631859,Community Care Grant
S12000028,South Ayrshire,Council Area,2021/2022,Count,672573,Community Care Grant
S12000028,South Ayrshire,Council Area,2022/2023,Count,741511,Community Care Grant
S12000029,South Lanarkshire,Council Area,2020/2021,Count,503727,Crisis Grant
S12000029,South Lanarkshire,Council Area,2022/2023,Count,566634,Crisis Grant
S12000029,South Lanarkshire,Council Area,2013/2014,Count,424297,Crisis Grant
S12000029,South Lanarkshire,Council Area,2015/2016,Count,309024,Crisis Grant
S12000029,South Lanarkshire,Council Area,2022/2023,Count,3978281,All
S12000029,South Lanarkshire,Council Area,2020/2021,Count,4000385,All
S12000029,South Lanarkshire,Council Area,2019/2020,Count,2258510,Community Care Grant
S12000029,South Lanarkshire,Council Area,2019/2020,Count,2548595,All
S12000029,South Lanarkshire,Council Area,2014/2015,Count,1869466,All
S12000029,South Lanarkshire,Council Area,2014/2015,Count,318075,Crisis Grant
S12000029,South Lanarkshire,Council Area,2022/2023,Count,3411647,Community Care Grant
S12000029,South Lanarkshire,Council Area,2013/2014,Count,2051448,All
S12000029,South Lanarkshire,Council Area,2018/2019,Count,2316761,Community Care Grant
S12000029,South Lanarkshire,Council Area,2013/2014,Count,1627151,Community Care Grant
S12000029,South Lanarkshire,Council Area,2015/2016,Count,2065827,All
S12000029,South Lanarkshire,Council Area,2014/2015,Count,1551391,Community Care Grant
S12000029,South Lanarkshire,Council Area,2016/2017,Count,295316,Crisis Grant
S12000029,South Lanarkshire,Council Area,2016/2017,Count,2200239,All
S12000029,South Lanarkshire,Council Area,2018/2019,Count,274855,Crisis Grant
S12000029,South Lanarkshire,Council Area,2015/2016,Count,1756802,Community Care Grant
S12000029,South Lanarkshire,Council Area,2020/2021,Count,3496657,Community Care Grant
S12000029,South Lanarkshire,Council Area,2016/2017,Count,1904923,Community Care Grant
S12000029,South Lanarkshire,Council Area,2021/2022,Count,3431380,Community Care Grant
S12000029,South Lanarkshire,Council Area,2018/2019,Count,2591616,All
S12000029,South Lanarkshire,Council Area,2017/2018,Count,248658,Crisis Grant
S12000029,South Lanarkshire,Council Area,2021/2022,Count,4007013,All
S12000029,South Lanarkshire,Council Area,2019/2020,Count,290085,Crisis Grant
S12000029,South Lanarkshire,Council Area,2017/2018,Count,1841178,Community Care Grant
S12000029,South Lanarkshire,Council Area,2017/2018,Count,2089836,All
S12000029,South Lanarkshire,Council Area,2021/2022,Count,575634,Crisis Grant
S12000030,Stirling,Council Area,2021/2022,Count,347551,Community Care Grant
S12000030,Stirling,Council Area,2019/2020,Count,476618,All
S12000030,Stirling,Council Area,2016/2017,Count,197767,Crisis Grant
S12000030,Stirling,Council Area,2017/2018,Count,241349,Community Care Grant
S12000030,Stirling,Council Area,2022/2023,Count,394830,Community Care Grant
S12000030,Stirling,Council Area,2016/2017,Count,511075,All
S12000030,Stirling,Council Area,2017/2018,Count,426681,All
S12000030,Stirling,Council Area,2015/2016,Count,365745,Community Care Grant
S12000030,Stirling,Council Area,2014/2015,Count,434769,Community Care Grant
S12000030,Stirling,Council Area,2017/2018,Count,185333,Crisis Grant
S12000030,Stirling,Council Area,2019/2020,Count,254867,Community Care Grant
S12000030,Stirling,Council Area,2018/2019,Count,188597,Crisis Grant
S12000030,Stirling,Council Area,2020/2021,Count,623451,All
S12000030,Stirling,Council Area,2021/2022,Count,293104,Crisis Grant
S12000030,Stirling,Council Area,2014/2015,Count,169583,Crisis Grant
S12000030,Stirling,Council Area,2022/2023,Count,725029,All
S12000030,Stirling,Council Area,2015/2016,Count,171556,Crisis Grant
S12000030,Stirling,Council Area,2018/2019,Count,483302,All
S12000030,Stirling,Council Area,2019/2020,Count,221751,Crisis Grant
S12000030,Stirling,Council Area,2013/2014,Count,340160,Community Care Grant
S12000030,Stirling,Council Area,2020/2021,Count,322653,Community Care Grant
S12000030,Stirling,Council Area,2016/2017,Count,313308,Community Care Grant
S12000030,Stirling,Council Area,2018/2019,Count,294706,Community Care Grant
S12000030,Stirling,Council Area,2014/2015,Count,604352,All
S12000030,Stirling,Council Area,2015/2016,Count,537301,All
S12000030,Stirling,Council Area,2013/2014,Count,99273,Crisis Grant
S12000030,Stirling,Council Area,2013/2014,Count,439433,All
S12000030,Stirling,Council Area,2022/2023,Count,330199,Crisis Grant
S12000030,Stirling,Council Area,2020/2021,Count,300798,Crisis Grant
S12000030,Stirling,Council Area,2021/2022,Count,640655,All
S12000033,Aberdeen City,Council Area,2021/2022,Count,1379844,All
S12000033,Aberdeen City,Council Area,2020/2021,Count,1576355,All
S12000033,Aberdeen City,Council Area,2020/2021,Count,749756,Community Care Grant
S12000033,Aberdeen City,Council Area,2021/2022,Count,661211,Crisis Grant
S12000033,Aberdeen City,Council Area,2020/2021,Count,826599,Crisis Grant
S12000033,Aberdeen City,Council Area,2013/2014,Count,252103,Crisis Grant
S12000033,Aberdeen City,Council Area,2021/2022,Count,718633,Community Care Grant
S12000033,Aberdeen City,Council Area,2019/2020,Count,400861,Community Care Grant
S12000033,Aberdeen City,Council Area,2015/2016,Count,316100,Crisis Grant
S12000033,Aberdeen City,Council Area,2019/2020,Count,532583,Crisis Grant
S12000033,Aberdeen City,Council Area,2014/2015,Count,290160,Crisis Grant
S12000033,Aberdeen City,Council Area,2022/2023,Count,690874,Community Care Grant
S12000033,Aberdeen City,Council Area,2014/2015,Count,1032457,All
S12000033,Aberdeen City,Council Area,2015/2016,Count,912745,All
S12000033,Aberdeen City,Council Area,2019/2020,Count,933444,All
S12000033,Aberdeen City,Council Area,2022/2023,Count,1614435,All
S12000033,Aberdeen City,Council Area,2013/2014,Count,768438,All
S12000033,Aberdeen City,Council Area,2013/2014,Count,516334,Community Care Grant
S12000033,Aberdeen City,Council Area,2018/2019,Count,393727,Crisis Grant
S12000033,Aberdeen City,Council Area,2016/2017,Count,553672,Community Care Grant
S12000033,Aberdeen City,Council Area,2022/2023,Count,923561,Crisis Grant
S12000033,Aberdeen City,Council Area,2018/2019,Count,892923,All
S12000033,Aberdeen City,Council Area,2017/2018,Count,876674,All
S12000033,Aberdeen City,Council Area,2016/2017,Count,388684,Crisis Grant
S12000033,Aberdeen City,Council Area,2017/2018,Count,529077,Community Care Grant
S12000033,Aberdeen City,Council Area,2016/2017,Count,942356,All
S12000033,Aberdeen City,Council Area,2014/2015,Count,742297,Community Care Grant
S12000033,Aberdeen City,Council Area,2015/2016,Count,596645,Community Care Grant
S12000033,Aberdeen City,Council Area,2018/2019,Count,499196,Community Care Grant
S12000033,Aberdeen City,Council Area,2017/2018,Count,347596,Crisis Grant
S12000034,Aberdeenshire,Council Area,2018/2019,Count,336215,Community Care Grant
S12000034,Aberdeenshire,Council Area,2020/2021,Count,954614,All
S12000034,Aberdeenshire,Council Area,2016/2017,Count,442216,Community Care Grant
S12000034,Aberdeenshire,Council Area,2022/2023,Count,754613,Crisis Grant
S12000034,Aberdeenshire,Council Area,2013/2014,Count,115745,Community Care Grant
S12000034,Aberdeenshire,Council Area,2020/2021,Count,429709,Community Care Grant
S12000034,Aberdeenshire,Council Area,2021/2022,Count,1430065,All
S12000034,Aberdeenshire,Council Area,2018/2019,Count,607376,All
S12000034,Aberdeenshire,Council Area,2017/2018,Count,229439,Crisis Grant
S12000034,Aberdeenshire,Council Area,2017/2018,Count,163130,Community Care Grant
S12000034,Aberdeenshire,Council Area,2020/2021,Count,524905,Crisis Grant
S12000034,Aberdeenshire,Council Area,2021/2022,Count,695764,Community Care Grant
S12000034,Aberdeenshire,Council Area,2021/2022,Count,734301,Crisis Grant
S12000034,Aberdeenshire,Council Area,2016/2017,Count,734689,All
S12000034,Aberdeenshire,Council Area,2017/2018,Count,392569,All
S12000034,Aberdeenshire,Council Area,2016/2017,Count,292473,Crisis Grant
S12000034,Aberdeenshire,Council Area,2014/2015,Count,133641,Crisis Grant
S12000034,Aberdeenshire,Council Area,2013/2014,Count,109254,Crisis Grant
S12000034,Aberdeenshire,Council Area,2022/2023,Count,1514262,All
S12000034,Aberdeenshire,Council Area,2015/2016,Count,126463,Crisis Grant
S12000034,Aberdeenshire,Council Area,2015/2016,Count,384229,Community Care Grant
S12000034,Aberdeenshire,Council Area,2022/2023,Count,759649,Community Care Grant
S12000034,Aberdeenshire,Council Area,2014/2015,Count,336453,Community Care Grant
S12000034,Aberdeenshire,Council Area,2015/2016,Count,510692,All
S12000034,Aberdeenshire,Council Area,2014/2015,Count,470094,All
S12000034,Aberdeenshire,Council Area,2019/2020,Count,356610,Crisis Grant
S12000034,Aberdeenshire,Council Area,2018/2019,Count,271161,Crisis Grant
S12000034,Aberdeenshire,Council Area,2019/2020,Count,769684,All
S12000034,Aberdeenshire,Council Area,2019/2020,Count,413074,Community Care Grant
S12000034,Aberdeenshire,Council Area,2013/2014,Count,224999,All
S12000035,Argyll and Bute,Council Area,2013/2014,Count,328481,All
S12000035,Argyll and Bute,Council Area,2021/2022,Count,78981,Crisis Grant
S12000035,Argyll and Bute,Council Area,2014/2015,Count,438720,All
S12000035,Argyll and Bute,Council Area,2013/2014,Count,90361,Crisis Grant
S12000035,Argyll and Bute,Council Area,2022/2023,Count,686480,All
S12000035,Argyll and Bute,Council Area,2016/2017,Count,436136,All
S12000035,Argyll and Bute,Council Area,2018/2019,Count,67807,Crisis Grant
S12000035,Argyll and Bute,Council Area,2020/2021,Count,550851,Community Care Grant
S12000035,Argyll and Bute,Council Area,2015/2016,Count,339566,All
S12000035,Argyll and Bute,Council Area,2022/2023,Count,79045,Crisis Grant
S12000035,Argyll and Bute,Council Area,2014/2015,Count,90390,Crisis Grant
S12000035,Argyll and Bute,Council Area,2018/2019,Count,443242,All
S12000035,Argyll and Bute,Council Area,2015/2016,Count,83368,Crisis Grant
S12000035,Argyll and Bute,Council Area,2019/2020,Count,362781,Community Care Grant
S12000035,Argyll and Bute,Council Area,2017/2018,Count,69282,Crisis Grant
S12000035,Argyll and Bute,Council Area,2014/2015,Count,348330,Community Care Grant
S12000035,Argyll and Bute,Council Area,2015/2016,Count,256197,Community Care Grant
S12000035,Argyll and Bute,Council Area,2017/2018,Count,393147,All
S12000035,Argyll and Bute,Council Area,2019/2020,Count,434991,All
S12000035,Argyll and Bute,Council Area,2017/2018,Count,323865,Community Care Grant
S12000035,Argyll and Bute,Council Area,2022/2023,Count,607435,Community Care Grant
S12000035,Argyll and Bute,Council Area,2020/2021,Count,91746,Crisis Grant
S12000035,Argyll and Bute,Council Area,2016/2017,Count,357863,Community Care Grant
S12000035,Argyll and Bute,Council Area,2013/2014,Count,238120,Community Care Grant
S12000035,Argyll and Bute,Council Area,2021/2022,Count,482076,Community Care Grant
S12000035,Argyll and Bute,Council Area,2016/2017,Count,78273,Crisis Grant
S12000035,Argyll and Bute,Council Area,2019/2020,Count,72210,Crisis Grant
S12000035,Argyll and Bute,Council Area,2018/2019,Count,375435,Community Care Grant
S12000035,Argyll and Bute,Council Area,2021/2022,Count,561057,All
S12000035,Argyll and Bute,Council Area,2020/2021,Count,642597,All
S12000036,City of Edinburgh,Council Area,2018/2019,Count,2500070,All
S12000036,City of Edinburgh,Council Area,2022/2023,Count,4532333,All
S12000036,City of Edinburgh,Council Area,2020/2021,Count,4828898,All
S12000036,City of Edinburgh,Council Area,2016/2017,Count,1724090,Community Care Grant
S12000036,City of Edinburgh,Council Area,2013/2014,Count,1533685,Community Care Grant
S12000036,City of Edinburgh,Council Area,2014/2015,Count,1628500,Community Care Grant
S12000036,City of Edinburgh,Council Area,2015/2016,Count,1618240,Community Care Grant
S12000036,City of Edinburgh,Council Area,2020/2021,Count,2719795,Crisis Grant
S12000036,City of Edinburgh,Council Area,2019/2020,Count,812709,Crisis Grant
S12000036,City of Edinburgh,Council Area,2018/2019,Count,578108,Crisis Grant
S12000036,City of Edinburgh,Council Area,2021/2022,Count,2126098,Crisis Grant
S12000036,City of Edinburgh,Council Area,2017/2018,Count,1641126,Community Care Grant
S12000036,City of Edinburgh,Council Area,2017/2018,Count,2316247,All
S12000036,City of Edinburgh,Council Area,2021/2022,Count,1922257,Community Care Grant
S12000036,City of Edinburgh,Council Area,2018/2019,Count,1921962,Community Care Grant
S12000036,City of Edinburgh,Council Area,2019/2020,Count,1762807,Community Care Grant
S12000036,City of Edinburgh,Council Area,2022/2023,Count,2137691,Crisis Grant
S12000036,City of Edinburgh,Council Area,2016/2017,Count,661165,Crisis Grant
S12000036,City of Edinburgh,Council Area,2021/2022,Count,4048355,All
S12000036,City of Edinburgh,Council Area,2022/2023,Count,2394642,Community Care Grant
S12000036,City of Edinburgh,Council Area,2017/2018,Count,675121,Crisis Grant
S12000036,City of Edinburgh,Council Area,2019/2020,Count,2575516,All
S12000036,City of Edinburgh,Council Area,2013/2014,Count,281205,Crisis Grant
S12000036,City of Edinburgh,Council Area,2015/2016,Count,2222396,All
S12000036,City of Edinburgh,Council Area,2013/2014,Count,1814890,All
S12000036,City of Edinburgh,Council Area,2014/2015,Count,2126196,All
S12000036,City of Edinburgh,Council Area,2014/2015,Count,497696,Crisis Grant
S12000036,City of Edinburgh,Council Area,2020/2021,Count,2109103,Community Care Grant
S12000036,City of Edinburgh,Council Area,2015/2016,Count,604156,Crisis Grant
S12000036,City of Edinburgh,Council Area,2016/2017,Count,2385255,All
S12000038,Renfrewshire,Council Area,2016/2017,Count,1283786,All
S12000038,Renfrewshire,Council Area,2014/2015,Count,449000,Crisis Grant
S12000038,Renfrewshire,Council Area,2016/2017,Count,828601,Community Care Grant
S12000038,Renfrewshire,Council Area,2017/2018,Count,450070,Crisis Grant
S12000038,Renfrewshire,Council Area,2022/2023,Count,1788052,All
S12000038,Renfrewshire,Council Area,2015/2016,Count,456480,Crisis Grant
S12000038,Renfrewshire,Council Area,2021/2022,Count,1024634,Community Care Grant
S12000038,Renfrewshire,Council Area,2021/2022,Count,637738,Crisis Grant
S12000038,Renfrewshire,Council Area,2021/2022,Count,1662372,All
S12000038,Renfrewshire,Council Area,2015/2016,Count,1244034,All
S12000038,Renfrewshire,Council Area,2020/2021,Count,745872,Crisis Grant
S12000038,Renfrewshire,Council Area,2016/2017,Count,455185,Crisis Grant
S12000038,Renfrewshire,Council Area,2013/2014,Count,906986,Community Care Grant
S12000038,Renfrewshire,Council Area,2022/2023,Count,778688,Crisis Grant
S12000038,Renfrewshire,Council Area,2019/2020,Count,1287810,All
S12000038,Renfrewshire,Council Area,2022/2023,Count,1009364,Community Care Grant
S12000038,Renfrewshire,Council Area,2019/2020,Count,733435,Community Care Grant
S12000038,Renfrewshire,Council Area,2019/2020,Count,554375,Crisis Grant
S12000038,Renfrewshire,Council Area,2014/2015,Count,1244889,All
S12000038,Renfrewshire,Council Area,2018/2019,Count,708231,Community Care Grant
S12000038,Renfrewshire,Council Area,2020/2021,Count,856360,Community Care Grant
S12000038,Renfrewshire,Council Area,2015/2016,Count,787555,Community Care Grant
S12000038,Renfrewshire,Council Area,2018/2019,Count,1254559,All
S12000038,Renfrewshire,Council Area,2014/2015,Count,795889,Community Care Grant
S12000038,Renfrewshire,Council Area,2013/2014,Count,1261028,All
S12000038,Renfrewshire,Council Area,2020/2021,Count,1602232,All
S12000038,Renfrewshire,Council Area,2017/2018,Count,1199453,All
S12000038,Renfrewshire,Council Area,2018/2019,Count,546327,Crisis Grant
S12000038,Renfrewshire,Council Area,2017/2018,Count,749383,Community Care Grant
S12000038,Renfrewshire,Council Area,2013/2014,Count,354042,Crisis Grant
S12000041,Angus,Council Area,2014/2015,Count,455397,All
S12000041,Angus,Council Area,2013/2014,Count,344478,All
S12000041,Angus,Council Area,2015/2016,Count,330862,Community Care Grant
S12000041,Angus,Council Area,2017/2018,Count,456345,All
S12000041,Angus,Council Area,2018/2019,Count,395061,Community Care Grant
S12000041,Angus,Council Area,2022/2023,Count,384042,Crisis Grant
S12000041,Angus,Council Area,2020/2021,Count,606537,All
S12000041,Angus,Council Area,2015/2016,Count,446198,All
S12000041,Angus,Council Area,2014/2015,Count,331311,Community Care Grant
S12000041,Angus,Council Area,2016/2017,Count,453414,All
S12000041,Angus,Council Area,2021/2022,Count,413346,Community Care Grant
S12000041,Angus,Council Area,2019/2020,Count,364599,Community Care Grant
S12000041,Angus,Council Area,2014/2015,Count,124086,Crisis Grant
S12000041,Angus,Council Area,2013/2014,Count,119600,Crisis Grant
S12000041,Angus,Council Area,2015/2016,Count,115336,Crisis Grant
S12000041,Angus,Council Area,2018/2019,Count,622697,All
S12000041,Angus,Council Area,2018/2019,Count,227636,Crisis Grant
S12000041,Angus,Council Area,2022/2023,Count,855865,All
S12000041,Angus,Council Area,2021/2022,Count,312567,Crisis Grant
S12000041,Angus,Council Area,2019/2020,Count,574166,All
S12000041,Angus,Council Area,2016/2017,Count,335172,Community Care Grant
S12000041,Angus,Council Area,2020/2021,Count,347302,Community Care Grant
S12000041,Angus,Council Area,2020/2021,Count,259235,Crisis Grant
S12000041,Angus,Council Area,2022/2023,Count,471823,Community Care Grant
S12000041,Angus,Council Area,2017/2018,Count,342901,Community Care Grant
S12000041,Angus,Council Area,2017/2018,Count,113444,Crisis Grant
S12000041,Angus,Council Area,2019/2020,Count,209567,Crisis Grant
S12000041,Angus,Council Area,2021/2022,Count,725913,All
S12000041,Angus,Council Area,2016/2017,Count,118242,Crisis Grant
S12000041,Angus,Council Area,2013/2014,Count,224878,Community Care Grant
S12000042,Dundee City,Council Area,2022/2023,Count,1206546,Community Care Grant
S12000042,Dundee City,Council Area,2021/2022,Count,742559,Crisis Grant
S12000042,Dundee City,Council Area,2016/2017,Count,376032,Crisis Grant
S12000042,Dundee City,Council Area,2016/2017,Count,1452917,All
S12000042,Dundee City,Council Area,2019/2020,Count,1410560,All
S12000042,Dundee City,Council Area,2015/2016,Count,1396034,All
S12000042,Dundee City,Council Area,2018/2019,Count,1447543,All
S12000042,Dundee City,Council Area,2013/2014,Count,1270924,All
S12000042,Dundee City,Council Area,2014/2015,Count,1595026,All
S12000042,Dundee City,Council Area,2021/2022,Count,2208129,All
S12000042,Dundee City,Council Area,2016/2017,Count,1076886,Community Care Grant
S12000042,Dundee City,Council Area,2020/2021,Count,1077421,Community Care Grant
S12000042,Dundee City,Council Area,2020/2021,Count,1721930,All
S12000042,Dundee City,Council Area,2015/2016,Count,374611,Crisis Grant
S12000042,Dundee City,Council Area,2022/2023,Count,628269,Crisis Grant
S12000042,Dundee City,Council Area,2013/2014,Count,270786,Crisis Grant
S12000042,Dundee City,Council Area,2018/2019,Count,1159825,Community Care Grant
S12000042,Dundee City,Council Area,2014/2015,Count,391661,Crisis Grant
S12000042,Dundee City,Council Area,2017/2018,Count,285477,Crisis Grant
S12000042,Dundee City,Council Area,2017/2018,Count,1132760,Community Care Grant
S12000042,Dundee City,Council Area,2019/2020,Count,1048954,Community Care Grant
S12000042,Dundee City,Council Area,2020/2021,Count,644510,Crisis Grant
S12000042,Dundee City,Council Area,2013/2014,Count,1000138,Community Care Grant
S12000042,Dundee City,Council Area,2021/2022,Count,1465570,Community Care Grant
S12000042,Dundee City,Council Area,2017/2018,Count,1418237,All
S12000042,Dundee City,Council Area,2014/2015,Count,1203365,Community Care Grant
S12000042,Dundee City,Council Area,2018/2019,Count,287718,Crisis Grant
S12000042,Dundee City,Council Area,2022/2023,Count,1834815,All
S12000042,Dundee City,Council Area,2015/2016,Count,1021423,Community Care Grant
S12000042,Dundee City,Council Area,2019/2020,Count,361606,Crisis Grant
S12000045,East Dunbartonshire,Council Area,2022/2023,Count,265603,Crisis Grant
S12000045,East Dunbartonshire,Council Area,2021/2022,Count,592264,All
S12000045,East Dunbartonshire,Council Area,2022/2023,Count,359042,Community Care Grant
S12000045,East Dunbartonshire,Council Area,2016/2017,Count,273411,Community Care Grant
S12000045,East Dunbartonshire,Council Area,2015/2016,Count,231688,Community Care Grant
S12000045,East Dunbartonshire,Council Area,2017/2018,Count,124846,Crisis Grant
S12000045,East Dunbartonshire,Council Area,2016/2017,Count,106935,Crisis Grant
S12000045,East Dunbartonshire,Council Area,2015/2016,Count,294530,All
S12000045,East Dunbartonshire,Council Area,2014/2015,Count,334379,Community Care Grant
S12000045,East Dunbartonshire,Council Area,2020/2021,Count,590318,All
S12000045,East Dunbartonshire,Council Area,2017/2018,Count,293122,Community Care Grant
S12000045,East Dunbartonshire,Council Area,2018/2019,Count,284195,Community Care Grant
S12000045,East Dunbartonshire,Council Area,2018/2019,Count,119027,Crisis Grant
S12000045,East Dunbartonshire,Council Area,2018/2019,Count,403221,All
S12000045,East Dunbartonshire,Council Area,2022/2023,Count,624645,All
S12000045,East Dunbartonshire,Council Area,2016/2017,Count,380346,All
S12000045,East Dunbartonshire,Council Area,2019/2020,Count,142504,Crisis Grant
S12000045,East Dunbartonshire,Council Area,2019/2020,Count,382268,All
S12000045,East Dunbartonshire,Council Area,2019/2020,Count,239763,Community Care Grant
S12000045,East Dunbartonshire,Council Area,2015/2016,Count,62843,Crisis Grant
S12000045,East Dunbartonshire,Council Area,2014/2015,Count,84823,Crisis Grant
S12000045,East Dunbartonshire,Council Area,2013/2014,Count,244398,All
S12000045,East Dunbartonshire,Council Area,2021/2022,Count,209571,Crisis Grant
S12000045,East Dunbartonshire,Council Area,2013/2014,Count,43063,Crisis Grant
S12000045,East Dunbartonshire,Council Area,2021/2022,Count,382693,Community Care Grant
S12000045,East Dunbartonshire,Council Area,2020/2021,Count,304517,Community Care Grant
S12000045,East Dunbartonshire,Council Area,2017/2018,Count,417968,All
S12000045,East Dunbartonshire,Council Area,2013/2014,Count,201335,Community Care Grant
S12000045,East Dunbartonshire,Council Area,2014/2015,Count,419202,All
S12000045,East Dunbartonshire,Council Area,2020/2021,Count,285801,Crisis Grant
S12000047,Fife,Council Area,2016/2017,Count,1834344,All
S12000047,Fife,Council Area,2015/2016,Count,553764,Crisis Grant
S12000047,Fife,Council Area,2013/2014,Count,1120824,All
S12000047,Fife,Council Area,2014/2015,Count,492137,Crisis Grant
S12000047,Fife,Council Area,2022/2023,Count,1554397,Community Care Grant
S12000047,Fife,Council Area,2022/2023,Count,4357868,All
S12000047,Fife,Council Area,2017/2018,Count,1899079,All
S12000047,Fife,Council Area,2017/2018,Count,1001027,Community Care Grant
S12000047,Fife,Council Area,2016/2017,Count,1092380,Community Care Grant
S12000047,Fife,Council Area,2017/2018,Count,898052,Crisis Grant
S12000047,Fife,Council Area,2015/2016,Count,2018077,All
S12000047,Fife,Council Area,2014/2015,Count,2493527,All
S12000047,Fife,Council Area,2016/2017,Count,741964,Crisis Grant
S12000047,Fife,Council Area,2020/2021,Count,3356490,All
S12000047,Fife,Council Area,2019/2020,Count,2084556,Crisis Grant
S12000047,Fife,Council Area,2020/2021,Count,818883,Community Care Grant
S12000047,Fife,Council Area,2013/2014,Count,869875,Community Care Grant
S12000047,Fife,Council Area,2019/2020,Count,935928,Community Care Grant
S12000047,Fife,Council Area,2022/2023,Count,2803471,Crisis Grant
S12000047,Fife,Council Area,2021/2022,Count,2563749,Crisis Grant
S12000047,Fife,Council Area,2020/2021,Count,2537607,Crisis Grant
S12000047,Fife,Council Area,2021/2022,Count,1138621,Community Care Grant
S12000047,Fife,Council Area,2015/2016,Count,1464313,Community Care Grant
S12000047,Fife,Council Area,2018/2019,Count,1014683,Community Care Grant
S12000047,Fife,Council Area,2018/2019,Count,1482431,Crisis Grant
S12000047,Fife,Council Area,2018/2019,Count,2497114,All
S12000047,Fife,Council Area,2013/2014,Count,250949,Crisis Grant
S12000047,Fife,Council Area,2021/2022,Count,3702371,All
S12000047,Fife,Council Area,2019/2020,Count,3020484,All
S12000047,Fife,Council Area,2014/2015,Count,2001390,Community Care Grant
S12000048,Perth and Kinross,Council Area,2015/2016,Count,428584,Community Care Grant
S12000048,Perth and Kinross,Council Area,2013/2014,Count,119571,Crisis Grant
S12000048,Perth and Kinross,Council Area,2013/2014,Count,436285,Community Care Grant
S12000048,Perth and Kinross,Council Area,2022/2023,Count,667971,Community Care Grant
S12000048,Perth and Kinross,Council Area,2014/2015,Count,523437,Community Care Grant
S12000048,Perth and Kinross,Council Area,2019/2020,Count,722727,All
S12000048,Perth and Kinross,Council Area,2018/2019,Count,175295,Crisis Grant
S12000048,Perth and Kinross,Council Area,2019/2020,Count,262605,Crisis Grant
S12000048,Perth and Kinross,Council Area,2019/2020,Count,460123,Community Care Grant
S12000048,Perth and Kinross,Council Area,2018/2019,Count,592141,All
S12000048,Perth and Kinross,Council Area,2021/2022,Count,1101303,All
S12000048,Perth and Kinross,Council Area,2018/2019,Count,416845,Community Care Grant
S12000048,Perth and Kinross,Council Area,2021/2022,Count,443487,Crisis Grant
S12000048,Perth and Kinross,Council Area,2020/2021,Count,484389,Crisis Grant
S12000048,Perth and Kinross,Council Area,2021/2022,Count,657816,Community Care Grant
S12000048,Perth and Kinross,Council Area,2020/2021,Count,1100472,All
S12000048,Perth and Kinross,Council Area,2022/2023,Count,566001,Crisis Grant
S12000048,Perth and Kinross,Council Area,2020/2021,Count,616084,Community Care Grant
S12000048,Perth and Kinross,Council Area,2015/2016,Count,574342,All
S12000048,Perth and Kinross,Council Area,2014/2015,Count,684903,All
S12000048,Perth and Kinross,Council Area,2016/2017,Count,166405,Crisis Grant
S12000048,Perth and Kinross,Council Area,2016/2017,Count,426924,Community Care Grant
S12000048,Perth and Kinross,Council Area,2015/2016,Count,145758,Crisis Grant
S12000048,Perth and Kinross,Council Area,2014/2015,Count,161467,Crisis Grant
S12000048,Perth and Kinross,Council Area,2013/2014,Count,555856,All
S12000048,Perth and Kinross,Council Area,2017/2018,Count,606135,All
S12000048,Perth and Kinross,Council Area,2017/2018,Count,445544,Community Care Grant
S12000048,Perth and Kinross,Council Area,2022/2023,Count,1233972,All
S12000048,Perth and Kinross,Council Area,2017/2018,Count,160591,Crisis Grant
S12000048,Perth and Kinross,Council Area,2016/2017,Count,593329,All
S12000049,Glasgow City,Council Area,2022/2023,Count,10389809,All
S12000049,Glasgow City,Council Area,2022/2023,Count,4170881,Crisis Grant
S12000049,Glasgow City,Council Area,2017/2018,Count,6833092,All
S12000049,Glasgow City,Council Area,2016/2017,Count,7642156,All
S12000049,Glasgow City,Council Area,2017/2018,Count,5069075,Community Care Grant
S12000049,Glasgow City,Council Area,2016/2017,Count,5819472,Community Care Grant
S12000049,Glasgow City,Council Area,2016/2017,Count,1822684,Crisis Grant
S12000049,Glasgow City,Council Area,2018/2019,Count,1866335,Crisis Grant
S12000049,Glasgow City,Council Area,2018/2019,Count,5172383,Community Care Grant
S12000049,Glasgow City,Council Area,2019/2020,Count,8469302,All
S12000049,Glasgow City,Council Area,2017/2018,Count,1764017,Crisis Grant
S12000049,Glasgow City,Council Area,2018/2019,Count,7038718,All
S12000049,Glasgow City,Council Area,2013/2014,Count,862114,Crisis Grant
S12000049,Glasgow City,Council Area,2015/2016,Count,6433622,Community Care Grant
S12000049,Glasgow City,Council Area,2014/2015,Count,987890,Crisis Grant
S12000049,Glasgow City,Council Area,2013/2014,Count,6576041,Community Care Grant
S12000049,Glasgow City,Council Area,2014/2015,Count,6943183,Community Care Grant
S12000049,Glasgow City,Council Area,2014/2015,Count,7931073,All
S12000049,Glasgow City,Council Area,2015/2016,Count,7743937,All
S12000049,Glasgow City,Council Area,2015/2016,Count,1310316,Crisis Grant
S12000049,Glasgow City,Council Area,2013/2014,Count,7438155,All
S12000049,Glasgow City,Council Area,2020/2021,Count,3787562,Crisis Grant
S12000049,Glasgow City,Council Area,2021/2022,Count,6694703,Community Care Grant
S12000049,Glasgow City,Council Area,2020/2021,Count,9876691,All
S12000049,Glasgow City,Council Area,2020/2021,Count,6089129,Community Care Grant
S12000049,Glasgow City,Council Area,2021/2022,Count,10525117,All
S12000049,Glasgow City,Council Area,2022/2023,Count,6218929,Community Care Grant
S12000049,Glasgow City,Council Area,2021/2022,Count,3830414,Crisis Grant
S12000049,Glasgow City,Council Area,2019/2020,Count,2717168,Crisis Grant
S12000049,Glasgow City,Council Area,2019/2020,Count,5752134,Community Care Grant
S12000050,North Lanarkshire,Council Area,2022/2023,Count,4761125,All
S12000050,North Lanarkshire,Council Area,2017/2018,Count,2320079,Community Care Grant
S12000050,North Lanarkshire,Council Area,2015/2016,Count,2932106,All
S12000050,North Lanarkshire,Council Area,2016/2017,Count,2233444,Community Care Grant
S12000050,North Lanarkshire,Council Area,2016/2017,Count,912296,Crisis Grant
S12000050,North Lanarkshire,Council Area,2016/2017,Count,3145740,All
S12000050,North Lanarkshire,Council Area,2017/2018,Count,3129844,All
S12000050,North Lanarkshire,Council Area,2015/2016,Count,2018877,Community Care Grant
S12000050,North Lanarkshire,Council Area,2013/2014,Count,527598,Crisis Grant
S12000050,North Lanarkshire,Council Area,2013/2014,Count,1789594,Community Care Grant
S12000050,North Lanarkshire,Council Area,2014/2015,Count,2654192,Community Care Grant
S12000050,North Lanarkshire,Council Area,2013/2014,Count,2317192,All
S12000050,North Lanarkshire,Council Area,2014/2015,Count,3566735,All
S12000050,North Lanarkshire,Council Area,2014/2015,Count,912543,Crisis Grant
S12000050,North Lanarkshire,Council Area,2015/2016,Count,913228,Crisis Grant
S12000050,North Lanarkshire,Council Area,2018/2019,Count,1864631,Community Care Grant
S12000050,North Lanarkshire,Council Area,2020/2021,Count,1955526,Community Care Grant
S12000050,North Lanarkshire,Council Area,2019/2020,Count,1719063,Community Care Grant
S12000050,North Lanarkshire,Council Area,2020/2021,Count,1075738,Crisis Grant
S12000050,North Lanarkshire,Council Area,2022/2023,Count,1543404,Crisis Grant
S12000050,North Lanarkshire,Council Area,2019/2020,Count,954665,Crisis Grant
S12000050,North Lanarkshire,Council Area,2020/2021,Count,3031264,All
S12000050,North Lanarkshire,Council Area,2018/2019,Count,2634434,All
S12000050,North Lanarkshire,Council Area,2019/2020,Count,2673728,All
S12000050,North Lanarkshire,Council Area,2021/2022,Count,4440313,All
S12000050,North Lanarkshire,Council Area,2017/2018,Count,809766,Crisis Grant
S12000050,North Lanarkshire,Council Area,2022/2023,Count,3217721,Community Care Grant
S12000050,North Lanarkshire,Council Area,2018/2019,Count,769803,Crisis Grant
S12000050,North Lanarkshire,Council Area,2021/2022,Count,2702711,Community Care Grant
S12000050,North Lanarkshire,Council Area,2021/2022,Count,1737602,Crisis Grant
